{"loss": [0.00673458119854331, 0.004907272756099701, 0.004079120699316263, 0.003615597728639841, 0.0025028055533766747, 0.0017673157854005694, 0.0017031466122716665, 0.0015498867724090815, 0.0013045509112998843, 0.0012564033968374133, 0.0012639128835871816, 0.0012148062232881784, 0.0012199272168800235, 0.001128651201725006, 0.0009291081223636866, 0.0008531342609785497, 0.000848541094455868, 0.0008484642603434622, 0.0007900489727035165, 0.0007988956640474498, 0.0007584331324324012, 0.0007486267131753266, 0.0007451268611475825, 0.0007433595019392669, 0.0007368855876848102, 0.0007328650099225342, 0.0007329282816499472, 0.0007303661550395191, 0.0007275932584889233, 0.0007287162588909268, 0.0007275070529431105, 0.0007257824763655663, 0.0007249970221891999, 0.0007240258273668587, 0.0007252144278027117, 0.0007243547588586807, 0.0007237447425723076, 0.0007237633690237999, 0.0007239544647745788, 0.0007236874080263078, 0.0007231859490275383, 0.0007240303093567491, 0.0007223308202810585, 0.0007240456179715693, 0.0007240126724354923, 0.0007235741941258311, 0.0007234389195218682, 0.0007228391477838159, 0.0007239717524498701, 0.0007232807693071663, 0.0007241615676321089, 0.000722791999578476, 0.000723802950233221, 0.0007237543468363583, 0.000723295146599412, 0.0007234480581246316, 0.0007234785589389503, 0.0007237261161208153, 0.0007238985854201019, 0.0007237927056849003, 0.0007230991614051163, 0.0007219579420052469, 0.0007231130730360746, 0.000723035482224077, 0.0007230883929878473, 0.0007219458930194378, 0.0007226728484965861, 0.0007234429358504713, 0.0007229995680972934, 0.0007237435784190893, 0.0007221938576549292, 0.000722469121683389, 0.0007235684897750616, 0.0007234466611407697, 0.0007214611396193504, 0.0007217779639177024, 0.0007231373456306756, 0.0007235508528538048, 0.0007220079423859715, 0.0007217522361315787, 0.0007237183745019138, 0.0007231241906993091, 0.0007226360612548888, 0.0007221687701530755, 0.0007241788553074002, 0.0007240322884172201, 0.0007228247122839093, 0.0007224756409414113, 0.0007232949137687683, 0.0007235382799990475, 0.0007242567371577024, 0.0007228984613902867, 0.0007229916518554091, 0.0007228110916912556, 0.0007230255869217217, 0.0007230496848933399, 0.000723401375580579, 0.0007225217996165156, 0.0007231933414004743, 0.0007230899063870311], "mae": [0.10986295342445374, 0.09439639002084732, 0.08359631896018982, 0.07759778946638107, 0.06284499913454056, 0.05062279850244522, 0.0483621209859848, 0.0465465784072876, 0.04163462668657303, 0.04117799922823906, 0.04122650623321533, 0.04030989110469818, 0.04019281268119812, 0.039477236568927765, 0.035250790417194366, 0.03316209837794304, 0.033143918961286545, 0.033178359270095825, 0.03157218173146248, 0.03182755410671234, 0.030841149389743805, 0.030611582100391388, 0.030506212264299393, 0.030499976128339767, 0.030325453728437424, 0.030226554721593857, 0.030222205445170403, 0.030168969184160233, 0.030114293098449707, 0.030094528570771217, 0.03007160685956478, 0.030084973201155663, 0.030065350234508514, 0.03003668412566185, 0.030059022828936577, 0.030036907643079758, 0.030032189562916756, 0.030018560588359833, 0.03002222068607807, 0.03001186065375805, 0.03002631478011608, 0.030008845031261444, 0.030016731470823288, 0.03002951852977276, 0.03000885806977749, 0.030010897666215897, 0.030013278126716614, 0.030010906979441643, 0.030010858550667763, 0.03000461310148239, 0.030010873451828957, 0.030003011226654053, 0.029985614120960236, 0.030006829649209976, 0.030015382915735245, 0.030005134642124176, 0.029996516183018684, 0.029996879398822784, 0.029999669641256332, 0.030001303181052208, 0.030005015432834625, 0.029980219900608063, 0.02999601885676384, 0.029984982684254646, 0.029985817149281502, 0.02996956929564476, 0.029980992898344994, 0.030001068487763405, 0.029985541477799416, 0.029994076117873192, 0.029996367171406746, 0.029989415779709816, 0.029988741502165794, 0.029993312433362007, 0.02997824363410473, 0.029985107481479645, 0.03000323660671711, 0.03001207299530506, 0.029997989535331726, 0.02997536025941372, 0.030001200735569, 0.02999168634414673, 0.029989581555128098, 0.029970858246088028, 0.029991934075951576, 0.030002258718013763, 0.02999195270240307, 0.02999025397002697, 0.029989831149578094, 0.030013376846909523, 0.030008157715201378, 0.029994729906320572, 0.029999973252415657, 0.029988855123519897, 0.029985126107931137, 0.029989168047904968, 0.029998255893588066, 0.02998906932771206, 0.02999047562479973, 0.02999352291226387], "val_loss": [0.006091190967708826, 0.004727256949990988, 0.0038459566421806812, 0.0036722065415233374, 0.002198333153501153, 0.0017105903243646026, 0.0015874083619564772, 0.0014133082004263997, 0.0014405701076611876, 0.0013818129664286971, 0.0013128295540809631, 0.001159920240752399, 0.0015385722508653998, 0.0009942648466676474, 0.0009014956885948777, 0.0008332233992405236, 0.0008826167904771864, 0.0008157125557772815, 0.0009128732490353286, 0.0007509477436542511, 0.0007714111707173288, 0.0007432795246131718, 0.0007416968583129346, 0.0007223891443572938, 0.0007247732719406486, 0.0007180803222581744, 0.0007101359078660607, 0.0007167886360548437, 0.0007176723447628319, 0.0007132296450436115, 0.0007036883616819978, 0.0007056526956148446, 0.0007058714982122183, 0.0007068775012157857, 0.0007084677927196026, 0.0007069716812111437, 0.0007067018304951489, 0.0007076155161485076, 0.000706699036527425, 0.0007076331530697644, 0.0007074582972563803, 0.000706168357282877, 0.000706775754224509, 0.0007069706916809082, 0.0007063683005981147, 0.0007074850727804005, 0.0007074172608554363, 0.0007073484594002366, 0.0007077520713210106, 0.0007085151155479252, 0.0007071639411151409, 0.0007076328620314598, 0.0007079648203216493, 0.0007070146384648979, 0.0007067334372550249, 0.0007078144117258489, 0.0007080712239257991, 0.0007071153959259391, 0.000708120409399271, 0.000707636761944741, 0.000707297760527581, 0.000707153114490211, 0.0007070072460919619, 0.0007069561979733407, 0.0007070917054079473, 0.000706701772287488, 0.0007065920508466661, 0.000706841703504324, 0.0007068643462844193, 0.0007068103295750916, 0.0007068776176311076, 0.0007067305850796402, 0.0007068152772262692, 0.000706604216247797, 0.0007066310499794781, 0.0007066598627716303, 0.0007067432161420584, 0.0007066571852192283, 0.0007065896061249077, 0.000706647930201143, 0.0007065788959152997, 0.0007066535181365907, 0.0007065935060381889, 0.0007066625985316932, 0.0007066301186569035, 0.0007066505495458841, 0.0007066838443279266, 0.0007066988036967814, 0.0007066695252433419, 0.0007066574180498719, 0.0007066538673825562, 0.0007066702819429338, 0.0007066814578138292, 0.0007066872785799205, 0.0007066766265779734, 0.000706654682289809, 0.0007066525286063552, 0.0007066543912515044, 0.0007066418183967471, 0.0007066344260238111],